<?xml version="1.0" encoding="UTF-8"?>

<!DOCTYPE module PUBLIC "-//Google Inc.//DTD Google Web Toolkit 1.7.0//EN" "http://google-web-toolkit.googlecode.com/svn/tags/1.7.0/distro-source/core/src/gwt-module.dtd">

<module>
    <inherits name="com.google.gwt.user.User"/>
    <inherits name="com.extjs.gxt.ui.GXT"/>
    <inherits name="com.extjs.gxt.themes.Themes"/>
    <inherits name="br.com.easynet.gwt.EasyNetGWT"/>
    <inherits name="br.com.easyportal.gwt.EasyPortalGWT"/>
    <inherits name='com.extjs.gxt.charts.Chart' />
    <inherits name='br.com.i9.portal.Main' />

    <entry-point class="br.com.i9.marata.client.MainEntryPoint"/>
    <!--set-property name="user.agent" value="opera" /-->
    <!--set-property name="user.agent" value="ie6" /-->
    <!--set-property name="user.agent" value="gecko1_8" /-->

    <!-- Do not define servlets here, use web.xml -->
</module>
